Storage modulus,Loss modulus,Step time
8.66E-04,-3.89E-05,0.1
5.96E-04,9.03E-05,0.15
3.42E-04,2.51E-04,0.2
8.37E-04,1.06E-04,0.25
7.40E-04,1.26E-04,0.3
8.21E-04,5.92E-05,0.35
8.12E-04,5.13E-05,0.4
8.10E-04,3.96E-05,0.45
8.28E-04,2.79E-05,0.5
8.13E-04,3.46E-05,0.55
8.31E-04,2.50E-05,0.6
8.17E-04,2.79E-05,0.65
8.24E-04,3.17E-05,0.7
8.24E-04,2.63E-05,0.75
8.18E-04,2.61E-05,0.8
8.19E-04,2.58E-05,0.85
8.21E-04,2.25E-05,0.9
8.20E-04,2.37E-05,0.95
8.22E-04,2.20E-05,1
8.23E-04,2.23E-05,1.05
8.22E-04,2.01E-05,1.1
8.21E-04,2.30E-05,1.15
8.22E-04,2.20E-05,1.2
8.23E-04,2.18E-05,1.25
8.25E-04,2.04E-05,1.3
8.26E-04,2.03E-05,1.35
8.25E-04,1.87E-05,1.4
8.26E-04,2.24E-05,1.45
8.27E-04,2.16E-05,1.5
8.22E-04,2.58E-05,1.55
8.26E-04,2.50E-05,1.599
8.25E-04,2.24E-05,1.649
8.20E-04,2.46E-05,1.699
8.24E-04,2.25E-05,1.749
8.23E-04,2.04E-05,1.799
8.24E-04,2.08E-05,1.849
8.27E-04,1.96E-05,1.899
8.27E-04,2.03E-05,1.949
8.26E-04,2.08E-05,1.999
8.25E-04,2.38E-05,2.049
8.28E-04,2.23E-05,2.099
8.24E-04,2.15E-05,2.149
8.21E-04,2.49E-05,2.199
8.22E-04,2.35E-05,2.249
8.24E-04,2.35E-05,2.299
8.21E-04,2.05E-05,2.349
8.20E-04,2.31E-05,2.399
8.23E-04,2.16E-05,2.449
8.22E-04,2.39E-05,2.499
8.26E-04,2.13E-05,2.549
8.22E-04,1.70E-05,2.599
8.22E-04,1.94E-05,2.649
8.27E-04,1.74E-05,2.699
8.20E-04,2.05E-05,2.749
8.23E-04,2.57E-05,2.799
8.25E-04,2.15E-05,2.849
8.17E-04,2.46E-05,2.899
8.20E-04,2.66E-05,2.949
8.24E-04,2.50E-05,2.999
8.24E-04,2.37E-05,3.049
8.23E-04,2.23E-05,3.099
8.20E-04,2.42E-05,3.149
8.24E-04,2.38E-05,3.199
8.21E-04,2.25E-05,3.249
8.19E-04,2.47E-05,3.299
8.23E-04,1.99E-05,3.349
8.22E-04,2.07E-05,3.399
8.24E-04,2.12E-05,3.449
8.22E-04,1.96E-05,3.499
8.23E-04,2.15E-05,3.549
8.25E-04,2.03E-05,3.599
8.22E-04,2.19E-05,3.649
8.24E-04,2.23E-05,3.699
8.25E-04,2.37E-05,3.749
8.23E-04,2.39E-05,3.799
8.20E-04,2.28E-05,3.849
8.19E-04,2.41E-05,3.899
8.23E-04,2.22E-05,3.949
8.23E-04,2.10E-05,3.999
8.22E-04,2.04E-05,4.049
8.21E-04,2.14E-05,4.099
8.21E-04,2.42E-05,4.149
8.25E-04,2.25E-05,4.199
8.22E-04,2.25E-05,4.249
8.23E-04,2.44E-05,4.299
8.23E-04,2.13E-05,4.349
8.19E-04,2.47E-05,4.399
8.22E-04,2.28E-05,4.449
8.20E-04,2.09E-05,4.499
8.22E-04,2.45E-05,4.549
8.23E-04,2.28E-05,4.599
8.22E-04,2.23E-05,4.649
8.22E-04,1.92E-05,4.698
8.24E-04,1.97E-05,4.748
8.24E-04,1.86E-05,4.798
8.22E-04,2.15E-05,4.848
8.24E-04,2.15E-05,4.898
8.23E-04,2.23E-05,4.948
8.24E-04,2.32E-05,4.998
8.25E-04,2.34E-05,5.048
8.23E-04,2.34E-05,5.098
8.22E-04,2.29E-05,5.148
8.24E-04,2.32E-05,5.198
8.21E-04,2.18E-05,5.248
8.22E-04,2.55E-05,5.298
8.19E-04,2.09E-05,5.348
8.16E-04,2.51E-05,5.398
8.22E-04,2.18E-05,5.448
8.18E-04,2.19E-05,5.498
8.22E-04,2.34E-05,5.548
8.22E-04,1.85E-05,5.598
8.22E-04,2.17E-05,5.648
8.26E-04,1.79E-05,5.698
8.23E-04,2.25E-05,5.748
8.22E-04,2.47E-05,5.798
8.24E-04,2.53E-05,5.848
8.24E-04,2.40E-05,5.898
8.22E-04,2.38E-05,5.948
8.23E-04,2.11E-05,5.998
8.22E-04,1.95E-05,6.048
8.23E-04,1.94E-05,6.098
8.22E-04,2.23E-05,6.148
8.23E-04,2.19E-05,6.198
8.22E-04,1.93E-05,6.248
8.23E-04,2.08E-05,6.298
8.22E-04,2.01E-05,6.348
8.23E-04,2.29E-05,6.398
8.24E-04,2.03E-05,6.448
8.22E-04,2.32E-05,6.498
8.22E-04,2.28E-05,6.548
8.19E-04,2.43E-05,6.598
8.21E-04,2.53E-05,6.648
8.22E-04,2.29E-05,6.698
8.22E-04,1.99E-05,6.748
8.18E-04,1.96E-05,6.798
8.20E-04,2.24E-05,6.848
8.24E-04,1.97E-05,6.898
8.23E-04,2.01E-05,6.948
8.23E-04,2.02E-05,6.998
8.26E-04,2.27E-05,7.048
8.24E-04,2.23E-05,7.098
8.26E-04,2.27E-05,7.148
8.30E-04,1.81E-05,7.198
8.22E-04,2.25E-05,7.248
8.21E-04,2.42E-05,7.298
8.21E-04,2.31E-05,7.348
8.24E-04,2.44E-05,7.398
8.23E-04,2.13E-05,7.448
8.21E-04,2.26E-05,7.498
8.20E-04,2.26E-05,7.548
8.21E-04,2.39E-05,7.598
8.23E-04,2.03E-05,7.648
8.20E-04,2.26E-05,7.698
8.22E-04,2.21E-05,7.748
8.22E-04,2.27E-05,7.798
8.22E-04,2.30E-05,7.847
8.21E-04,2.42E-05,7.897
8.25E-04,2.32E-05,7.947
8.24E-04,2.05E-05,7.997
8.24E-04,2.46E-05,8.047
8.24E-04,1.98E-05,8.097
8.20E-04,2.14E-05,8.147
8.25E-04,2.02E-05,8.197
8.21E-04,2.12E-05,8.247
8.22E-04,2.72E-05,8.297
8.25E-04,2.11E-05,8.347
8.18E-04,2.12E-05,8.397
8.20E-04,2.04E-05,8.447
8.21E-04,1.83E-05,8.497
8.20E-04,2.01E-05,8.547
8.23E-04,2.14E-05,8.597
8.23E-04,2.04E-05,8.647
8.22E-04,2.28E-05,8.697
8.21E-04,2.45E-05,8.747
8.21E-04,2.53E-05,8.797
8.22E-04,2.21E-05,8.847
8.17E-04,2.16E-05,8.897
8.20E-04,2.14E-05,8.947
8.20E-04,1.69E-05,8.997
8.18E-04,2.12E-05,9.047
8.24E-04,2.18E-05,9.097
8.25E-04,2.06E-05,9.147
8.23E-04,1.99E-05,9.197
8.23E-04,2.08E-05,9.247
8.23E-04,2.15E-05,9.297
8.26E-04,2.17E-05,9.347
8.24E-04,1.85E-05,9.397
8.22E-04,2.34E-05,9.447
8.27E-04,2.19E-05,9.497
8.25E-04,2.30E-05,9.547
8.28E-04,2.29E-05,9.597
8.21E-04,2.30E-05,9.647
8.20E-04,2.63E-05,9.697
8.21E-04,2.13E-05,9.747
8.19E-04,2.47E-05,9.797
8.23E-04,1.95E-05,9.847
8.21E-04,2.14E-05,9.897
8.25E-04,2.18E-05,9.947
8.26E-04,1.95E-05,9.997
8.23E-04,2.44E-05,10.047
8.26E-04,2.36E-05,10.097
8.23E-04,2.23E-05,10.147
8.21E-04,2.31E-05,10.197
8.21E-04,2.28E-05,10.247
8.18E-04,2.25E-05,10.297
8.19E-04,2.56E-05,10.347
8.14E-04,3.79E-05,10.397
7.80E-04,1.37E-04,10.447
7.16E-04,1.20E-03,10.497
3.13E-03,4.27E-03,10.547
7.24E-03,8.95E-03,10.597
0.0184469,-0.0112981,10.647
0.0601042,-0.0298751,10.697
0.175254,0.0736186,10.747
0.172904,0.162946,10.797
0.317539,0.170625,10.847
0.445501,0.115092,10.897
0.552872,0.097563,10.946
0.654361,0.161359,10.996
0.752141,0.175136,11.046
0.850232,0.0404454,11.096
0.941118,0.112788,11.146
1.0203,0.106624,11.196
0.948381,0.314852,11.246
0.547895,0.500818,11.296
0.283809,0.380584,11.346
0.140758,0.294133,11.396
0.284712,0.225037,11.446
0.304723,-8.58E-03,11.496
0.318629,0.0250002,11.546
0.316902,0.0259888,11.596
0.320334,0.0299109,11.646
0.325944,0.0340946,11.696
0.332311,0.0388434,11.746
0.338524,0.0430712,11.796
0.344438,0.046909,11.846
0.34995,0.0503293,11.896
0.354503,0.0532185,11.946
0.357655,0.0559512,11.996
0.360921,0.0581844,12.046
0.363571,0.0608519,12.096
0.365772,0.0626602,12.146
0.366922,0.0649009,12.196
0.36835,0.067125,12.246
0.369414,0.0698778,12.296
0.370367,0.0720058,12.346
0.370849,0.0744396,12.396
0.371875,0.0763984,12.446
0.373152,0.0785839,12.496
0.374726,0.0803251,12.546
0.37672,0.0819297,12.596
0.378539,0.0830653,12.646
0.381108,0.0840981,12.696
0.383787,0.084921,12.746
0.386652,0.0854078,12.796
0.389209,0.08555,12.846
0.392074,0.0857066,12.896
0.394846,0.0855866,12.946
0.397574,0.0851777,12.996
0.39995,0.084811,13.046
0.402419,0.084223,13.096
0.404728,0.0837016,13.146
0.406887,0.0830227,13.196
0.408633,0.0822723,13.246
0.41061,0.0814847,13.296
0.412481,0.0808064,13.346
0.414275,0.0800509,13.396
0.415902,0.0791394,13.446
0.417752,0.0778704,13.496
0.419629,0.0767404,13.546
0.42139,0.0756174,13.596
0.422883,0.0745307,13.646
0.424573,0.0731621,13.696
0.426312,0.0719933,13.746
0.427941,0.070628,13.796
0.429308,0.0693404,13.846
0.4308,0.0679366,13.896
0.432272,0.0668205,13.946
0.433641,0.0655061,13.996
0.434724,0.0642781,14.046
0.436016,0.0630464,14.095
0.43725,0.0618317,14.145
0.438407,0.0607098,14.195
0.439566,0.0595587,14.245
0.440386,0.0583228,14.295
0.441421,0.0574111,14.345
0.442383,0.0563169,14.395
0.44336,0.0553953,14.445
0.444103,0.0543426,14.495
0.445049,0.0533553,14.545
0.445957,0.0526261,14.595
0.44683,0.0516838,14.645
0.447673,0.0506173,14.695
0.448273,0.0498654,14.745
0.449042,0.0490711,14.795
0.44981,0.0482111,14.845
0.450531,0.0476818,14.895
0.451009,0.0466406,14.945
0.45173,0.0458793,14.995
0.452403,0.0453316,15.045
0.453046,0.0446932,15.095
0.453652,0.0439069,15.145
0.454039,0.0432324,15.195
0.454645,0.0427461,15.245
0.455234,0.0421009,15.295
0.455782,0.0415386,15.345
0.456168,0.0410446,15.395
0.456675,0.040351,15.445
0.457222,0.0398758,15.495
0.457684,0.0392505,15.545
0.458148,0.0388566,15.595
0.458278,0.0383647,15.645
0.458742,0.0379076,15.695
0.459207,0.0374283,15.745
0.459659,0.0368418,15.795
0.460096,0.0366228,15.845
0.460471,0.0361729,15.895
0.460848,0.035558,15.945
0.461242,0.035398,15.995
0.461611,0.0349459,16.045
0.462007,0.0344576,16.095
0.462267,0.0341857,16.145
0.462568,0.0340061,16.195
0.462874,0.033561,16.245
0.463212,0.0330375,16.295
0.463429,0.0328954,16.345
0.463755,0.0323651,16.395
0.464142,0.0323293,16.445
0.464435,0.0319616,16.495
0.464702,0.0315368,16.545
0.464816,0.0313343,16.595
0.46511,0.0311264,16.645
0.465358,0.0308151,16.695
0.465619,0.0305864,16.745
0.465859,0.0303624,16.795
0.466147,0.0301063,16.845
0.466417,0.0298564,16.895
0.466623,0.0296156,16.945
0.466825,0.0293889,16.995
0.467055,0.0291934,17.045
0.467214,0.028981,17.095
0.467376,0.0287185,17.145
0.467569,0.0286991,17.194
0.467546,0.0284073,17.244
0.467734,0.0281347,17.294
0.467934,0.0281514,17.344
0.468169,0.0279128,17.394
0.468377,0.0276752,17.444
0.468564,0.0274845,17.494
0.468715,0.0271901,17.544
0.468896,0.0272983,17.594
0.469032,0.0269635,17.644
0.469136,0.0267433,17.694
0.469255,0.0266765,17.744
0.469368,0.0266742,17.794
0.469399,0.0265667,17.844
0.469527,0.0261821,17.894
0.469694,0.0261117,17.944
0.469814,0.0260649,17.994
0.469924,0.0258092,18.044
0.469955,0.025856,18.094
0.470059,0.0256694,18.144
0.470213,0.0255868,18.194
0.470324,0.0253746,18.244
0.470433,0.0255086,18.294
0.470564,0.0252892,18.344
0.470652,0.0249873,18.394
0.470773,0.0248934,18.444
0.470912,0.0249371,18.494
0.470995,0.0247047,18.544
0.47107,0.0246214,18.594
0.471198,0.0245789,18.644
0.471265,0.0244376,18.694
0.471318,0.024442,18.744
0.471368,0.0243012,18.794
0.471402,0.0243152,18.844
0.471243,0.0241743,18.894
0.471252,0.0240243,18.944
0.471336,0.0242001,18.994
0.471375,0.0240176,19.044
0.47145,0.0237829,19.094
0.471593,0.0238294,19.144
0.471688,0.023729,19.194
0.471814,0.0235508,19.244
0.471898,0.023427,19.294
0.471975,0.0236976,19.344
0.47194,0.0234155,19.394
0.471935,0.0232571,19.444
0.471918,0.0233526,19.494
0.4718,0.0232486,19.544
0.471717,0.0231889,19.594
0.471715,0.023357,19.644
0.471791,0.0232873,19.694
0.471867,0.0232024,19.744
0.471912,0.0230625,19.794
0.471897,0.0229144,19.844
0.471831,0.0229302,19.894
0.471763,0.0230296,19.944
0.471597,0.0228813,19.994
0.471577,0.0229677,20.044
0.471558,0.0229911,20.094
0.47143,0.0230333,20.144
0.471437,0.0228767,20.194
0.471476,0.0227207,20.244
0.471353,0.0229273,20.294
0.471391,0.0228681,20.343
0.471317,0.0226746,20.393
0.471255,0.022712,20.443
0.47132,0.0227509,20.493
0.471245,0.0225679,20.543
0.471321,0.0226103,20.593
0.471194,0.0221361,20.643
0.471225,0.0229997,20.693
0.471039,0.0228852,20.743
0.470984,0.0220589,20.793
0.471121,0.022587,20.843
0.471091,0.0227079,20.893
0.471068,0.0222799,20.943
0.471011,0.022505,20.993
0.470956,0.0224436,21.043
0.470837,0.0223709,21.093
0.470702,0.0224891,21.143
0.470719,0.0224775,21.193
0.470639,0.0223528,21.243
0.470568,0.0223815,21.293
0.470549,0.0225389,21.343
0.470437,0.0225224,21.393
0.470361,0.0223777,21.443
0.47034,0.022391,21.493
0.470195,0.02245,21.543
0.46966,0.0225431,21.593
0.469296,0.0229645,21.643
0.469089,0.0230648,21.693
0.4687,0.0229788,21.743
0.468254,0.0231956,21.793
0.46767,0.023615,21.843
0.467089,0.0238176,21.893
0.467046,0.0236337,21.943
0.466934,0.0231915,21.993
0.466612,0.0233383,22.043
0.465787,0.023976,22.093
0.46499,0.0241893,22.143
0.464426,0.0240295,22.193
0.464039,0.0243067,22.243
0.464009,0.0240887,22.293
0.464019,0.0242701,22.343
0.463559,0.0244248,22.393
0.463355,0.0245958,22.443
0.463417,0.0247022,22.493
0.463056,0.0247422,22.543
0.462968,0.0242971,22.593
0.46307,0.0244065,22.643
0.463212,0.0243118,22.693
0.463221,0.0242526,22.743
0.463195,0.0243203,22.793
0.463064,0.0242149,22.843
0.462893,0.0244495,22.893
0.462831,0.024445,22.943
0.462687,0.0245726,22.993
0.462442,0.0248762,23.043
0.462003,0.0251021,23.093
0.461486,0.0251514,23.143
0.461233,0.0252691,23.193
0.460871,0.0251403,23.243
0.460371,0.0254211,23.293
0.460142,0.0253721,23.343
0.460205,0.0253613,23.393
0.459999,0.0253828,23.442
0.459891,0.0256865,23.492
0.45965,0.0259764,23.542
0.45927,0.0258096,23.592
0.459125,0.0253377,23.642
0.458734,0.0254493,23.692
0.45819,0.0258589,23.742
0.457358,0.0262162,23.792
0.457176,0.0261456,23.842
0.457248,0.0258298,23.892
0.457109,0.0260194,23.942
0.457036,0.0261178,23.992
0.456729,0.0260508,24.042
0.456656,0.0260356,24.092
0.456547,0.0260197,24.142
0.45622,0.0262552,24.192
0.455912,0.0262743,24.242
0.455789,0.0262951,24.292
0.455517,0.0264215,24.342
0.455157,0.0266589,24.392
0.45492,0.0266354,24.442
0.455038,0.0266529,24.492
0.455363,0.0264074,24.542
0.455213,0.0262667,24.592
0.455067,0.0261751,24.642
0.455096,0.0260101,24.692
0.455198,0.026261,24.742
0.455241,0.0260963,24.792
0.455199,0.0260315,24.842
0.455144,0.0258856,24.892
0.455137,0.0258334,24.942
0.455096,0.0258361,24.992
0.455069,0.0259411,25.042
0.454897,0.0260278,25.092
0.454775,0.0260369,25.142
0.454781,0.0260071,25.192
0.454641,0.0260737,25.242
0.454432,0.0258622,25.292
0.454202,0.0260332,25.342
0.453899,0.0261263,25.392
0.453628,0.0264502,25.442
0.453366,0.0264719,25.492
0.453218,0.0263211,25.542
0.453285,0.026119,25.592
0.45319,0.0260044,25.642
0.453121,0.0260326,25.692
0.452737,0.0263788,25.742
0.451978,0.0270652,25.792
0.451536,0.0271628,25.842
0.451378,0.0270846,25.892
0.451244,0.026788,25.942
0.451125,0.0266481,25.992
0.451078,0.0264053,26.042
0.450977,0.0263174,26.092
0.450714,0.0264744,26.142
0.450478,0.0266183,26.192
0.450289,0.0263215,26.242
0.450153,0.0264759,26.292
0.450008,0.0266245,26.342
0.449876,0.0265021,26.392
0.449791,0.0265341,26.442
0.449633,0.0264779,26.492
0.449354,0.0264558,26.542
0.448854,0.0266409,26.591
0.448427,0.026856,26.641
0.448367,0.0265415,26.691
0.448235,0.026406,26.741
0.448045,0.0263768,26.791
0.447861,0.0264169,26.841
0.4477,0.0264514,26.891
0.447532,0.026584,26.941
0.447588,0.0263119,26.991
0.447555,0.0265271,27.041
0.447076,0.026843,27.091
0.446597,0.027347,27.141
0.445998,0.0271733,27.191
0.445538,0.027336,27.241
0.445466,0.0273644,27.291
0.445251,0.027691,27.341
0.444385,0.0281396,27.391
0.443689,0.028663,27.441
0.443685,0.0280769,27.491
0.443482,0.0284249,27.541
0.4433,0.0282348,27.591
0.443346,0.0280331,27.641
0.443326,0.0280533,27.691
0.443347,0.0281914,27.741
0.443472,0.0278757,27.791
0.443464,0.0278307,27.841
0.443481,0.0277113,27.891
0.443484,0.0275889,27.941
0.443427,0.0276081,27.991
0.443406,0.027602,28.041
0.443336,0.0273644,28.091
0.443284,0.0274554,28.141
0.443264,0.0272224,28.191
0.443286,0.0271825,28.241
0.443216,0.0274095,28.291
0.443125,0.027358,28.341
0.443102,0.0272594,28.391
0.443012,0.0271403,28.441
0.443,0.027094,28.491
0.443002,0.0269955,28.541
0.443043,0.0268815,28.591
0.443108,0.0269948,28.641
0.443113,0.0268545,28.691
0.443039,0.0268903,28.741
0.443024,0.0269549,28.791
0.442913,0.026915,28.841
0.442855,0.0269435,28.891
0.442844,0.0269694,28.941
0.442752,0.0269999,28.991
0.44264,0.027036,29.041
0.442547,0.0269313,29.091
0.442452,0.0269259,29.141
0.442471,0.0268423,29.191
0.442456,0.0267164,29.241
0.442416,0.0268093,29.291
0.4424,0.0268573,29.341
0.442445,0.0266725,29.391
0.442425,0.0267499,29.441
0.442359,0.0267266,29.491
0.44227,0.0264628,29.541
0.442228,0.0265025,29.591
0.442211,0.0265865,29.641
0.442155,0.0264056,29.69
0.442106,0.0264503,29.74
0.442055,0.0263391,29.79
0.441993,0.0263757,29.84
0.441974,0.0263446,29.89
0.441942,0.026303,29.94
0.441915,0.0262721,29.99
0.441856,0.0262692,30.04
0.441834,0.0261145,30.09
0.441803,0.0262085,30.14
0.441785,0.0261742,30.19
0.441754,0.0262557,30.24
0.441673,0.0261271,30.29
0.441638,0.0262155,30.34
0.441576,0.0260378,30.39
0.441568,0.026056,30.44
0.441553,0.0260835,30.49
0.441498,0.0259788,30.54
0.44146,0.025971,30.59
0.441406,0.0261086,30.64
0.441347,0.02606,30.69
0.441317,0.0259596,30.74
0.441271,0.0259024,30.79
0.441258,0.0258799,30.84
0.441217,0.0259323,30.89
0.441205,0.0259827,30.94
0.441197,0.0260078,30.99
0.441163,0.0260521,31.04
0.441172,0.0260802,31.09
0.441091,0.0260495,31.14
0.44078,0.0259111,31.19
0.44073,0.0260181,31.24
0.440919,0.0260275,31.29
0.440914,0.0259742,31.34
0.440915,0.0259492,31.39
0.440939,0.0259811,31.44
0.44092,0.0260494,31.49
0.440857,0.0259652,31.54
0.440843,0.0260092,31.59
0.440864,0.0260232,31.64
0.440776,0.0260051,31.69
0.440689,0.026194,31.74
0.440647,0.0260706,31.79
0.440536,0.0261037,31.84
0.440562,0.026094,31.89
0.440467,0.0260899,31.94
0.440392,0.0261877,31.99
0.440388,0.026129,32.04
0.440417,0.0260539,32.09
0.440215,0.0261447,32.14
0.440057,0.0261614,32.19
0.440049,0.0261075,32.24
0.439947,0.0262312,32.29
0.439843,0.0262683,32.34
0.439755,0.0261209,32.39
0.439736,0.0261643,32.44
0.439712,0.0262926,32.49
0.439628,0.0260898,32.54
0.43958,0.0260479,32.59
0.439381,0.0263433,32.64
0.43916,0.0262875,32.69
0.439175,0.0262048,32.74
0.439178,0.0261116,32.79
0.439127,0.0262806,32.839
0.43893,0.0262098,32.889
0.438875,0.0262366,32.939
0.438861,0.0261908,32.989
0.438697,0.0262864,33.039
0.438471,0.0264167,33.089
0.438284,0.0262755,33.139
0.438204,0.0262214,33.189
0.438042,0.0264061,33.239
0.437866,0.0263286,33.289
0.43779,0.0262494,33.339
0.437701,0.0261582,33.389
0.437668,0.0261783,33.439
0.437602,0.0261219,33.489
0.437562,0.0263019,33.539
0.437542,0.0261702,33.589
0.437526,0.0262528,33.639
0.437547,0.026198,33.689
0.437474,0.0260316,33.739
0.43748,0.0260994,33.789
0.437404,0.0262439,33.839
0.43734,0.0263311,33.889
0.43713,0.0264026,33.939
0.436917,0.0264451,33.989
0.436894,0.0262981,34.039
0.436837,0.026329,34.089
0.436695,0.0263112,34.139
0.43662,0.0265328,34.189
0.436443,0.0265554,34.239
0.436221,0.0265338,34.289
0.436061,0.026508,34.339
0.43596,0.0265832,34.389
0.435771,0.0265577,34.439
0.435636,0.026516,34.489
0.43561,0.0265764,34.539
0.43555,0.0267525,34.589
0.43547,0.0266503,34.639
0.435441,0.0266076,34.689
0.435467,0.0267397,34.739
0.435458,0.0268747,34.789
0.43543,0.0266113,34.839
0.435408,0.0266852,34.889
0.435375,0.0268206,34.939
0.435319,0.0266239,34.989
0.435315,0.0266372,35.039
0.435241,0.0266714,35.089
0.435161,0.0266758,35.139
0.435144,0.0265435,35.189
0.435101,0.0265782,35.239
0.43501,0.0266486,35.289
0.434958,0.0266083,35.339
0.43494,0.0266747,35.389
0.434884,0.0266005,35.439
0.434818,0.0266025,35.489
0.434722,0.0266459,35.539
0.434578,0.0266651,35.589
0.434494,0.0267601,35.639
0.43433,0.026664,35.689
0.434282,0.0268087,35.739
0.434222,0.0267647,35.789
0.434124,0.0266902,35.839
0.434043,0.0266606,35.889
0.433983,0.0267014,35.938
0.433919,0.0267535,35.988
0.43384,0.0267093,36.038
0.433784,0.026589,36.088
0.433725,0.026611,36.138
0.43368,0.0265957,36.188
0.433609,0.0264387,36.238
0.433598,0.0264901,36.288
0.433503,0.0266557,36.338
0.43335,0.0265566,36.388
0.433309,0.0264872,36.438
0.433274,0.0265276,36.488
0.433199,0.0264407,36.538
0.433161,0.0264748,36.588
0.433119,0.0263755,36.638
0.433082,0.0263733,36.688
0.433042,0.0264387,36.738
0.432952,0.0264094,36.788
0.432877,0.0263521,36.838
0.432876,0.0264056,36.888
0.432791,0.0262915,36.938
0.432732,0.0262523,36.988
0.432721,0.0262073,37.038
0.432677,0.0262626,37.088
0.432633,0.0262054,37.138
0.432597,0.0262636,37.188
0.432535,0.0262977,37.238
0.432521,0.0262327,37.288
0.432462,0.0261963,37.338
0.432423,0.0261791,37.388
0.432355,0.0260763,37.438
0.432325,0.0260971,37.488
0.432304,0.0260846,37.538
0.432294,0.0261346,37.588
0.432248,0.0261613,37.638
0.432164,0.0260459,37.688
0.432117,0.0260447,37.738
0.432082,0.0260339,37.788
0.432074,0.0260963,37.838
0.431984,0.0259051,37.888
0.431935,0.0258978,37.938
0.431891,0.0260281,37.988
0.431673,0.0260418,38.038
0.431513,0.0260677,38.088
0.431434,0.026151,38.138
0.431148,0.0261433,38.188
0.430724,0.0263555,38.238
0.430333,0.0264798,38.288
0.430119,0.0262565,38.338
0.430037,0.0261296,38.388
0.430021,0.0262173,38.438
0.429981,0.0261041,38.488
0.429954,0.0262135,38.538
0.429916,0.0261297,38.588
0.429871,0.0264079,38.638
0.429755,0.0265338,38.688
0.429534,0.0264046,38.738
0.429347,0.026266,38.788
0.429292,0.0262306,38.838
0.429267,0.0262483,38.888
0.429227,0.026258,38.938
0.429178,0.0262853,38.988
0.429102,0.0261846,39.038
0.428996,0.0262602,39.087
0.428964,0.0262981,39.137
0.428952,0.026177,39.187
0.428887,0.0261671,39.237
0.428898,0.0262534,39.287
0.428902,0.0261106,39.337
0.428847,0.0261099,39.387
0.428787,0.0261817,39.437
0.428782,0.0261261,39.487
0.428758,0.026161,39.537
0.428716,0.0262021,39.587
0.428686,0.0260465,39.637
0.4287,0.0260353,39.687
0.428698,0.0262007,39.737
0.428643,0.0261589,39.787
0.428583,0.0260047,39.837
0.428592,0.0261387,39.887
0.428554,0.0260819,39.937
0.428506,0.0261099,39.987
0.428499,0.0261575,40.037
0.428482,0.0260201,40.087
0.428465,0.0260271,40.137
0.428468,0.025948,40.187
0.42845,0.0259069,40.237
0.428467,0.0260197,40.287
0.428441,0.025991,40.337
0.428379,0.0258834,40.387
0.42833,0.025925,40.437
0.428308,0.0259504,40.487
0.428292,0.025892,40.537
0.428261,0.025743,40.587
0.42823,0.0257712,40.637
0.428238,0.0258238,40.687
0.428227,0.0258697,40.737
0.42817,0.0258264,40.787
0.427845,0.0260523,40.837
0.427646,0.0261695,40.887
0.427706,0.025919,40.937
0.427635,0.02587,40.987
0.427646,0.0260045,41.037
0.427616,0.0258437,41.087
0.42761,0.0258222,41.137
0.427601,0.0258396,41.187
0.427555,0.0259372,41.237
0.427525,0.0258783,41.287
0.427461,0.0258287,41.337
0.427342,0.0258371,41.387
0.427234,0.0259498,41.437
0.427165,0.025937,41.487
0.427112,0.0257969,41.537
0.427068,0.0258683,41.587
0.426937,0.0260659,41.637
0.426841,0.026164,41.687
0.426519,0.0261266,41.737
0.426157,0.0259983,41.787
0.426142,0.0260688,41.837
0.426056,0.026079,41.887
0.425949,0.0259728,41.937
0.425829,0.0261443,41.987
0.425702,0.0261252,42.037
0.425624,0.0260252,42.087
0.425559,0.0260579,42.137
0.425485,0.0261813,42.186
0.425398,0.0261828,42.236
0.425255,0.0261848,42.286
0.425179,0.0261632,42.336
0.42515,0.0262298,42.386
0.42507,0.0262316,42.436
0.425003,0.0263393,42.486
0.424866,0.0261709,42.536
0.424789,0.0262164,42.586
0.424733,0.0262685,42.636
0.424642,0.0261393,42.686
0.424615,0.0262189,42.736
0.424594,0.0262807,42.786
0.424533,0.026349,42.836
0.424504,0.026414,42.886
0.424367,0.0262304,42.936
0.424255,0.0263085,42.986
0.42421,0.0263046,43.036
0.424172,0.0261657,43.086
0.424134,0.0261966,43.136
0.424083,0.0262603,43.186
0.424031,0.0262178,43.236
0.423991,0.0261781,43.286
0.423926,0.0261849,43.336
0.423886,0.0263028,43.386
0.423717,0.0262638,43.436
0.423553,0.0261282,43.486
0.423541,0.026257,43.536
0.423445,0.0263055,43.586
0.423325,0.0262312,43.636
0.423164,0.0262558,43.686
0.423027,0.0262398,43.736
0.422881,0.0262941,43.786
0.422722,0.0263559,43.836
0.422562,0.0263362,43.886
0.422478,0.0263817,43.936
0.422333,0.026331,43.986
0.422228,0.0263603,44.036
0.422135,0.0263581,44.086
0.422086,0.0262969,44.136
0.422082,0.0263554,44.186
0.422035,0.0263969,44.236
0.421959,0.0261802,44.286
0.421931,0.0262441,44.336
0.42185,0.0263254,44.386
0.421655,0.0264355,44.436
0.421477,0.0265805,44.486
0.421295,0.026435,44.536
0.421105,0.0264033,44.586
0.420936,0.0265414,44.636
0.420703,0.0264992,44.686
0.420442,0.0264495,44.736
0.420225,0.0265379,44.786
0.419722,0.0266219,44.836
0.419309,0.0268932,44.886
0.418962,0.0268237,44.936
0.418618,0.026928,44.986
0.418566,0.0266928,45.036
0.418504,0.0267794,45.086
0.418505,0.0267639,45.136
0.418493,0.0267558,45.186
0.418518,0.0267325,45.236
0.418592,0.0269233,45.286
0.418583,0.0267891,45.335
0.418588,0.0269044,45.385
0.418569,0.0269671,45.435
0.418559,0.0269077,45.485
0.418587,0.0269192,45.535
0.418606,0.026886,45.585
0.418654,0.0268751,45.635
0.418685,0.0268868,45.685
0.4187,0.0267681,45.735
0.41874,0.0268872,45.785
0.418764,0.0269116,45.835
0.418769,0.0268689,45.885
0.418789,0.0268866,45.935
0.418829,0.0268589,45.985
0.418869,0.026789,46.035
0.418894,0.026901,46.085
0.4189,0.0269565,46.135
0.418889,0.0268175,46.185
0.418933,0.0268904,46.235
0.418905,0.0269352,46.285
0.418872,0.0267944,46.335
0.418895,0.0267057,46.385
0.418937,0.0268676,46.435
0.418935,0.0267983,46.485
0.418958,0.0268056,46.535
0.418962,0.026733,46.585
0.418995,0.0267674,46.635
0.419028,0.026773,46.685
0.419039,0.0267838,46.735
0.419031,0.0266708,46.785
0.419067,0.0268804,46.835
0.41907,0.0268291,46.885
0.419061,0.0267806,46.935
0.41906,0.0266417,46.985
0.419066,0.0267005,47.035
0.419079,0.0268035,47.085
0.419059,0.0266379,47.135
0.419065,0.0267289,47.185
0.419055,0.0266948,47.235
0.419042,0.0266294,47.285
0.419068,0.0266275,47.335
0.419084,0.0266088,47.385
0.419055,0.0266136,47.435
0.419059,0.0265387,47.485
0.419076,0.0265837,47.535
0.419059,0.0265692,47.585
0.419048,0.0265037,47.635
0.419034,0.0265889,47.685
0.419033,0.0265557,47.735
0.419039,0.0264554,47.785
0.419032,0.0265441,47.835
0.419065,0.0266571,47.885
0.419043,0.0264244,47.935
0.419036,0.026458,47.985
0.419032,0.0265484,48.035
0.419051,0.0264879,48.085
0.419027,0.0263835,48.135
0.419019,0.0264656,48.185
0.418993,0.0264689,48.235
0.418957,0.0263723,48.285
0.418957,0.0263969,48.335
0.418967,0.0265253,48.385
0.418947,0.0263987,48.434
0.418908,0.0263346,48.484
0.4189,0.0263013,48.534
0.418915,0.026321,48.584
0.418896,0.0263173,48.634
0.418894,0.0262771,48.684
0.418898,0.0263334,48.734
0.418898,0.0263231,48.784
0.418909,0.0263068,48.834
0.418887,0.0262522,48.884
0.418897,0.026351,48.934
0.418859,0.0262071,48.984
0.418851,0.0261609,49.034
0.418853,0.0262898,49.084
0.418844,0.0263691,49.134
0.418842,0.0262764,49.184
0.418791,0.0262362,49.234
0.418779,0.0261956,49.284
0.418794,0.0263173,49.334
0.418689,0.026264,49.384
0.418643,0.0262944,49.434
0.41861,0.0263732,49.484
0.418548,0.0262523,49.534
0.418493,0.0262088,49.584
0.418423,0.0264244,49.634
0.418276,0.0264185,49.684
0.417847,0.026945,49.734
0.417064,0.0272385,49.784
0.416632,0.0268651,49.834
0.416501,0.0267428,49.884
0.416357,0.0266758,49.934
0.416222,0.0267057,49.984
0.416148,0.0267115,50.034
0.416096,0.0266554,50.084
0.415982,0.0265879,50.134
0.415903,0.0266369,50.184
0.415804,0.0265473,50.234
0.415723,0.0265189,50.284
0.415671,0.0264928,50.334
0.415611,0.0266254,50.384
0.41558,0.0265012,50.434
0.415548,0.0265863,50.484
0.415491,0.0264058,50.534
0.4155,0.0263488,50.584
0.415516,0.0264978,50.634
0.415489,0.0265507,50.684
0.415439,0.0263849,50.734
0.41539,0.026374,50.784
0.415361,0.0263648,50.834
0.415394,0.0264521,50.884
0.415374,0.026357,50.934
0.415366,0.0264431,50.984
0.41537,0.0264682,51.034
0.415337,0.0264127,51.084
0.415292,0.0263487,51.134
0.415272,0.0263895,51.184
0.415264,0.0263083,51.234
0.415239,0.0261903,51.284
0.415273,0.0262511,51.334
0.415248,0.0263095,51.384
0.415173,0.0261382,51.434
0.415148,0.0261463,51.484
0.415172,0.0262116,51.534
0.415128,0.0261984,51.583
0.415066,0.0261992,51.633
0.415023,0.0261853,51.683
0.415026,0.0262423,51.733
0.41501,0.026159,51.783
0.415014,0.026247,51.833
0.41499,0.0262005,51.883
0.414946,0.0260534,51.933
0.414942,0.0259863,51.983
0.414941,0.026091,52.033
0.414927,0.0260932,52.083
0.414912,0.0259816,52.133
0.414884,0.0259231,52.183
0.414888,0.0261353,52.233
0.414845,0.0259297,52.283
0.414808,0.025905,52.333
0.414804,0.0259167,52.383
0.414818,0.0259795,52.433
0.414767,0.0259136,52.483
0.414731,0.025806,52.533
0.414737,0.0259354,52.583
0.414705,0.0258619,52.633
0.414687,0.0257843,52.683
0.414723,0.0257793,52.733
0.414741,0.0257398,52.783
0.414733,0.0257569,52.833
0.414717,0.0257465,52.883
0.414702,0.0257683,52.933
0.414682,0.0257566,52.983
0.414676,0.0256913,53.033
0.414677,0.0257175,53.083
0.414643,0.0257051,53.133
0.414611,0.0256532,53.183
0.414595,0.0255883,53.233
0.414588,0.025772,53.283
0.414555,0.0256002,53.333
0.414554,0.0255401,53.383
0.414539,0.025608,53.433
0.414522,0.0256395,53.483
0.414476,0.0255404,53.533
0.414487,0.0255902,53.583
0.414471,0.0255072,53.633
0.414467,0.0254572,53.683
0.414487,0.0255033,53.733
0.414468,0.0255178,53.783
0.414444,0.0255019,53.833
0.414428,0.0255005,53.883
0.414419,0.0254071,53.933
0.414425,0.0254171,53.983
0.414391,0.0254632,54.033
0.414379,0.0254985,54.083
0.414389,0.0253887,54.133
0.414396,0.0253951,54.183
0.414376,0.0253926,54.233
0.414357,0.0253505,54.283
0.414372,0.0253463,54.333
0.414368,0.0252678,54.383
0.414372,0.0254146,54.433
0.414343,0.0252777,54.483
0.414325,0.0252785,54.533
0.414304,0.0252814,54.583
0.414299,0.025255,54.633
0.414293,0.0253099,54.682
0.414273,0.0253368,54.732
0.414208,0.0251347,54.782
0.414181,0.0251597,54.832
0.414173,0.02511,54.882
0.414202,0.0251233,54.932
0.414206,0.0252134,54.982
0.414173,0.0251851,55.032
0.414147,0.0250103,55.082
0.414174,0.0250353,55.132
0.414198,0.0251767,55.182
0.414186,0.0251608,55.232
0.414135,0.0250192,55.282
0.414157,0.0250631,55.332
0.414185,0.0251245,55.382
0.414163,0.0250506,55.432
0.414169,0.0250984,55.482
0.414161,0.0251042,55.532
0.414122,0.0250096,55.582
0.414151,0.0250344,55.632
0.414164,0.0250547,55.682
0.414163,0.0249928,55.732
0.414177,0.0250074,55.782
0.414162,0.024958,55.832
0.41419,0.025061,55.882
0.414182,0.02503,55.932
0.414191,0.0249831,55.982
0.414168,0.0249133,56.032
0.414136,0.024935,56.082
0.414153,0.0249395,56.132
0.414149,0.0249931,56.182
0.414125,0.0249773,56.232
0.414127,0.0248707,56.282
0.414153,0.0248977,56.332
0.414166,0.0249834,56.382
0.414121,0.0247854,56.432
0.414142,0.0248527,56.482
0.414158,0.0249452,56.532
0.414119,0.0249068,56.582
0.414089,0.0246912,56.632
0.414113,0.0248188,56.682
0.414119,0.0249546,56.732
0.414079,0.0248266,56.782
0.414054,0.0247921,56.832
0.414068,0.024752,56.882
0.414073,0.0248096,56.932
0.414062,0.0248686,56.982
0.41402,0.0247608,57.032
0.413975,0.0246751,57.082
0.413966,0.0247934,57.132
0.413922,0.024734,57.182
0.413907,0.0246979,57.232
0.413902,0.0246904,57.282
0.413897,0.0246952,57.332
0.413897,0.0246497,57.382
0.413912,0.0246987,57.432
0.41389,0.0247163,57.482
0.413873,0.024686,57.532
0.413864,0.0246819,57.582
0.413863,0.0247137,57.632
0.413832,0.0245122,57.682
0.413809,0.024569,57.732
0.413808,0.0246099,57.782
0.413806,0.0246241,57.831
0.413798,0.0245587,57.881
0.413803,0.0245399,57.931
0.413797,0.0245901,57.981
0.413764,0.0245038,58.031
0.413752,0.0244645,58.081
0.41376,0.0246494,58.131
0.41373,0.0244989,58.181
0.413735,0.0244793,58.231
0.413721,0.0245365,58.281
0.413713,0.0244708,58.331
0.413728,0.0245269,58.381
0.413702,0.0244325,58.431
0.413675,0.0244627,58.481
0.413662,0.0244804,58.531
0.413711,0.024497,58.581
0.413677,0.0244174,58.631
0.413636,0.0244288,58.681
0.413634,0.0243128,58.731
0.413633,0.024382,58.781
0.41362,0.0244426,58.831
0.41361,0.024461,58.881
0.413601,0.0244445,58.931
0.413592,0.0244892,58.981
0.41357,0.0244532,59.031
0.413533,0.0243988,59.081
0.413479,0.0242649,59.131
0.413489,0.0242779,59.181
0.413485,0.024332,59.231
0.413481,0.0243158,59.281
0.413486,0.0242747,59.331
0.413469,0.0243449,59.381
0.413423,0.0242751,59.431
0.413431,0.0243054,59.481
0.413442,0.024316,59.531
0.413412,0.024246,59.581
0.413403,0.0242633,59.631
0.41338,0.0243049,59.681
0.413346,0.0242644,59.731
0.413345,0.0242211,59.781
0.413341,0.0242688,59.831
0.413296,0.0241699,59.881
0.413275,0.0242454,59.931
0.413254,0.0242477,59.981
0.413244,0.0241891,60.031
0.413219,0.0241104,60.081
0.413204,0.0241772,60.131
0.413176,0.02414,60.181
0.413182,0.024225,60.231
0.413137,0.0241464,60.281
0.413105,0.0241205,60.331
0.413102,0.024133,60.381
0.413079,0.0240989,60.431
0.413045,0.0241361,60.481
0.413043,0.024245,60.531
0.412978,0.0241532,60.581
0.412928,0.0240281,60.631
0.412929,0.0240455,60.681
0.41292,0.0241944,60.731
0.412877,0.0241161,60.781
0.412845,0.0241162,60.831
0.412825,0.0241206,60.881
0.412794,0.024177,60.93
0.412748,0.0241895,60.98
0.412675,0.024094,61.03
0.412632,0.0240119,61.08
0.412595,0.0240567,61.13
0.412558,0.0241842,61.18
0.41248,0.0240933,61.23
0.412372,0.0240316,61.28
0.412287,0.0241824,61.33
0.412258,0.0243631,61.38
0.412194,0.0242661,61.43
0.412102,0.0244745,61.48
0.411914,0.0245241,61.53
0.411783,0.0245022,61.58
0.411654,0.0243651,61.63
0.411487,0.0245171,61.68
0.411378,0.0246224,61.73
0.411285,0.0245031,61.78
0.411158,0.0243994,61.83
0.411081,0.0244559,61.88
0.410953,0.0243096,61.93
0.410833,0.0242394,61.98
0.410709,0.0242546,62.03
0.41063,0.0243148,62.08
0.410539,0.0242175,62.13
0.410449,0.0241787,62.18
0.410346,0.0240712,62.23
0.410285,0.0240344,62.28
0.410266,0.0240307,62.33
0.41021,0.0240927,62.38
0.410141,0.0241422,62.43
0.410056,0.0240292,62.48
0.410009,0.0239984,62.53
0.409979,0.0239668,62.58
0.40992,0.0239764,62.63
0.409807,0.0239149,62.68
0.409768,0.0239214,62.73
0.409791,0.0240563,62.78
0.409746,0.0240712,62.83
0.409692,0.0239134,62.88
0.409661,0.0238997,62.93
0.409603,0.0238364,62.98
0.409603,0.0239767,63.03
0.40954,0.0239324,63.08
0.409487,0.0238087,63.13
0.409408,0.0238777,63.18
0.409324,0.0239965,63.23
0.409262,0.023875,63.28
0.409135,0.0239072,63.33
0.409053,0.0239332,63.38
0.408995,0.0237886,63.43
0.408932,0.0237694,63.48
0.408899,0.0237645,63.53
0.408868,0.0237821,63.58
0.40882,0.0237901,63.63
0.408753,0.0237452,63.68
0.408668,0.0237122,63.73
0.408622,0.0237466,63.78
0.408563,0.0237141,63.83
0.408511,0.0236682,63.88
0.408473,0.0236324,63.93
0.408422,0.0236474,63.98
0.408337,0.0235773,64.03
0.408291,0.0236727,64.079
0.408244,0.0235339,64.129
0.408229,0.0236129,64.179
0.408202,0.023688,64.229
0.408142,0.0235394,64.279
0.408093,0.0233957,64.329
0.40809,0.0235588,64.379
0.408049,0.0236129,64.429
0.407977,0.0234646,64.479
0.407967,0.0233736,64.529
0.407963,0.0235706,64.579
0.407946,0.0234893,64.629
0.407924,0.0235182,64.679
0.407888,0.0235714,64.729
0.407868,0.0235493,64.779
0.407833,0.0233801,64.829
0.407842,0.0233895,64.879
0.407873,0.0234101,64.929
0.407854,0.0234156,64.979
0.407834,0.0233755,65.029
0.40784,0.0234817,65.079
0.407831,0.0236539,65.129
0.407772,0.0234217,65.179
0.407749,0.0232996,65.229
0.407739,0.0233564,65.279
0.407734,0.0233745,65.329
0.407698,0.0233767,65.379
0.407687,0.0233557,65.429
0.407696,0.0233242,65.479
0.407659,0.0234589,65.529
0.407631,0.0233818,65.579
0.407609,0.0234055,65.629
0.407598,0.0233634,65.679
0.40757,0.0233206,65.729
0.407518,0.0233416,65.779
0.407486,0.0235047,65.829
0.407383,0.0233036,65.879
0.407397,0.0232942,65.929
0.40736,0.0233445,65.979
0.407239,0.0233618,66.029
0.407173,0.0232765,66.079
0.407135,0.0232935,66.129
0.407064,0.0233162,66.179
0.407034,0.0232626,66.229
0.407015,0.0232481,66.279
0.406909,0.0232272,66.329
0.406889,0.023224,66.379
0.406833,0.0232071,66.429
0.406752,0.0232003,66.479
0.406729,0.0232031,66.529
0.406664,0.0233479,66.579
0.406592,0.0233517,66.629
0.406588,0.0233051,66.679
0.406548,0.0232682,66.729
0.406519,0.0233109,66.779
0.406418,0.0232167,66.829
0.406369,0.0233037,66.879
0.406336,0.023251,66.929
0.406266,0.0231737,66.979
0.406191,0.0231255,67.029
0.406174,0.0231974,67.079
0.406164,0.023131,67.129
0.406118,0.0231382,67.178
0.406063,0.0231878,67.228
0.406005,0.0231337,67.278
0.405992,0.023068,67.328
0.405978,0.0231475,67.378
0.405904,0.0231477,67.428
0.405858,0.0231869,67.478
0.4058,0.0232043,67.528
0.405759,0.0232154,67.578
0.405694,0.0231511,67.628
0.405637,0.0230644,67.678
0.405567,0.0230123,67.728
0.405503,0.0231499,67.778
0.405446,0.0231704,67.828
0.405364,0.0230572,67.878
0.405302,0.0231133,67.928
0.405183,0.0230039,67.978
0.405112,0.0231279,68.028
0.405081,0.0231208,68.078
0.404981,0.0231005,68.128
0.404856,0.0230381,68.178
0.404773,0.0231119,68.228
0.404682,0.0230826,68.278
0.40459,0.0230129,68.328
0.40451,0.0229834,68.378
0.404463,0.0229827,68.428
0.404319,0.0229316,68.478
0.404221,0.0230668,68.528
0.404149,0.0230162,68.578
0.404134,0.0231658,68.628
0.404019,0.0230671,68.678
0.403848,0.0231063,68.728
0.403781,0.023147,68.778
0.403687,0.0231171,68.828
0.403559,0.0230184,68.878
0.403431,0.0231746,68.928
0.403307,0.0232218,68.978
0.403262,0.0233144,69.028
0.402869,0.023312,69.078
0.402546,0.0236523,69.128
0.402352,0.0236005,69.178
0.402133,0.0238064,69.228
0.40214,0.0236466,69.278
0.40198,0.0234608,69.328
0.401883,0.0233539,69.378
0.40172,0.0233726,69.428
0.401592,0.0232447,69.478
0.401475,0.0232034,69.528
0.401371,0.0232562,69.578
0.401237,0.0231024,69.628
0.401193,0.0232104,69.678
0.401141,0.0231971,69.728
0.401058,0.0230147,69.778
0.400983,0.0232189,69.828
0.400923,0.023117,69.878
0.400845,0.023006,69.928
0.400751,0.0231453,69.978
0.400699,0.0231748,70.028
0.400707,0.023119,70.078
0.400655,0.0231528,70.128
0.400573,0.0231022,70.178
0.400527,0.0231304,70.228
0.400454,0.0231562,70.278
0.40038,0.0229894,70.327
0.400334,0.0229378,70.377
0.400287,0.0229933,70.427
0.400237,0.0229863,70.477
0.400193,0.0230626,70.527
0.400146,0.0230504,70.577
0.400075,0.0229422,70.627
0.400012,0.0228162,70.677
0.399953,0.0228862,70.727
0.399912,0.0228702,70.777
0.399924,0.0228106,70.827
0.399892,0.0228412,70.877
0.39986,0.0230142,70.927
0.399802,0.0229557,70.977
0.399794,0.0228503,71.027
0.39977,0.0227568,71.077
0.399723,0.0229272,71.127
0.399717,0.0229202,71.177
0.39965,0.0229076,71.227
0.399595,0.0227502,71.277
0.399583,0.02288,71.327
0.399524,0.0227684,71.377
0.399482,0.0227164,71.427
0.399457,0.0227385,71.477
0.399459,0.0227262,71.527
0.399448,0.0227468,71.577
0.399456,0.0228351,71.627
0.399406,0.0227975,71.677
0.399349,0.0226942,71.727
0.399341,0.0226721,71.777
0.399333,0.0227136,71.827
0.399311,0.0227432,71.877
0.399293,0.0226698,71.927
0.399285,0.0227025,71.977
0.399279,0.0226854,72.027
0.399288,0.0227505,72.077
0.399292,0.0226917,72.127
0.399262,0.0226293,72.177
0.399229,0.0226674,72.227
0.399233,0.0227361,72.277
0.399186,0.0226396,72.327
0.399165,0.0226267,72.377
0.399181,0.0226169,72.427
0.399172,0.0227025,72.477
0.399119,0.0226634,72.527
0.399104,0.0226408,72.577
0.39909,0.0226167,72.627
0.39909,0.0225902,72.677
0.399066,0.0225554,72.727
0.399073,0.0226241,72.777
0.399063,0.0225769,72.827
0.399012,0.0225496,72.877
0.399002,0.0224797,72.927
0.398991,0.0225375,72.977
0.398983,0.0226029,73.027
0.398987,0.0226297,73.077
0.39894,0.0227529,73.127
0.398866,0.0225905,73.177
0.39879,0.0224762,73.227
0.39876,0.0225891,73.277
0.398712,0.0225406,73.327
0.398679,0.0224823,73.377
0.398664,0.0226137,73.426
0.398614,0.0224858,73.476
0.398575,0.022459,73.526
0.398512,0.0225109,73.576
0.398442,0.0224865,73.626
0.398405,0.022448,73.676
0.398379,0.0224637,73.726
0.39833,0.0224701,73.776
0.398307,0.0225334,73.826
0.398247,0.0224631,73.876
0.398205,0.0225194,73.926
0.398164,0.0223688,73.976
0.398135,0.0223687,74.026
0.398103,0.0223946,74.076
0.398134,0.0224264,74.126
0.398111,0.0223896,74.176
0.398072,0.0223309,74.226
0.398055,0.0224081,74.276
0.398058,0.0224573,74.326
0.398032,0.0223267,74.376
0.398045,0.0224508,74.426
0.398049,0.0225174,74.476
0.39805,0.0225218,74.526
0.398012,0.0224948,74.576
0.397968,0.0224355,74.626
0.397978,0.0224272,74.676
0.397945,0.0223939,74.726
0.397911,0.0224594,74.776
0.397868,0.0223819,74.826
0.397841,0.0223283,74.876
0.397787,0.022337,74.926
0.397761,0.0223587,74.976
0.397782,0.0223729,75.026
0.397781,0.0224529,75.076
0.397747,0.0223488,75.126
0.397732,0.0223487,75.176
0.397698,0.0223431,75.226
0.397686,0.0223627,75.276
0.397662,0.0224091,75.326
0.397631,0.0223858,75.376
0.397603,0.022314,75.426
0.397587,0.0223067,75.476
0.397563,0.0222758,75.526
0.397586,0.0223993,75.576
0.397559,0.0222893,75.626
0.39753,0.0222799,75.676
0.397517,0.0222986,75.726
0.397501,0.022312,75.776
0.397483,0.0223159,75.826
0.397454,0.0222952,75.876
0.397441,0.0223562,75.926
0.39741,0.0223006,75.976
0.397364,0.0222432,76.026
0.397362,0.0222224,76.076
0.397362,0.0222402,76.126
0.397329,0.0221708,76.176
0.397335,0.0222685,76.226
0.397322,0.0222552,76.276
0.397305,0.0221843,76.326
0.397282,0.0221782,76.376
0.397296,0.0222773,76.426
0.397295,0.0222636,76.476
0.397279,0.0222496,76.526
0.3972,0.022094,76.575
0.397202,0.0222638,76.625
0.397185,0.0222848,76.675
0.397146,0.0223083,76.725
0.397132,0.0222097,76.775
0.397086,0.0222604,76.825
0.397036,0.0221199,76.875
0.396964,0.0222426,76.925
0.396934,0.0222046,76.975
0.396903,0.0221413,77.025
0.396861,0.0221221,77.075
0.396868,0.0222687,77.125
0.396843,0.0223041,77.175
0.396738,0.0221346,77.225
0.396719,0.0221399,77.275
0.396686,0.0222473,77.325
0.396623,0.0221623,77.375
0.396573,0.0221531,77.425
0.396532,0.0221656,77.475
0.396503,0.0222191,77.525
0.396466,0.0221356,77.575
0.396433,0.0220978,77.625
0.396405,0.0222535,77.675
0.3964,0.0221377,77.725
0.39638,0.022093,77.775
0.396376,0.0221635,77.825
0.396345,0.0222047,77.875
0.396284,0.0221767,77.925
0.396261,0.0221386,77.975
0.396223,0.022145,78.025
0.396195,0.0222144,78.075
0.396148,0.0222103,78.125
0.39614,0.0222737,78.175
0.396116,0.022225,78.225
0.396091,0.0222642,78.275
0.396045,0.02222,78.325
0.396011,0.0221067,78.375
0.395997,0.0221289,78.425
0.395962,0.022206,78.475
0.395926,0.0221452,78.525
0.395933,0.022228,78.575
0.395913,0.0222377,78.625
0.395874,0.0221672,78.675
0.395844,0.0222364,78.725
0.395832,0.0221891,78.775
0.395818,0.0221487,78.825
0.395771,0.0221274,78.875
0.39574,0.0222093,78.925
0.395723,0.0221698,78.975
0.395705,0.0221544,79.025
0.395684,0.0221157,79.075
0.395642,0.0221384,79.125
0.395593,0.022129,79.175
0.39556,0.0220937,79.225
0.395549,0.0220315,79.275
0.39555,0.0221289,79.325
0.395511,0.0220888,79.375
0.395484,0.0220883,79.425
0.395475,0.0221207,79.475
0.395472,0.0221738,79.525
0.395418,0.0220811,79.575
0.395376,0.0220407,79.625
0.395361,0.0219768,79.674
0.395382,0.0220725,79.724
0.395366,0.0220187,79.774
0.39535,0.0220023,79.824
0.395327,0.0219884,79.874
0.395289,0.0220574,79.924
0.395259,0.0220604,79.974
0.395241,0.0219972,80.024
0.395235,0.0220306,80.074
0.395213,0.0220082,80.124
0.395171,0.0220479,80.174
0.395137,0.0219406,80.224
0.395145,0.0220133,80.274
0.395117,0.0220276,80.324
0.395088,0.0220555,80.374
0.395079,0.0220317,80.424
0.395109,0.0220088,80.474
0.395067,0.0219277,80.524
0.395051,0.021943,80.574
0.395058,0.0219766,80.624
0.39506,0.021979,80.674
0.395036,0.021975,80.724
0.395053,0.022039,80.774
0.395056,0.0220638,80.824
0.39502,0.02202,80.874
0.395002,0.0220478,80.924
0.394969,0.0220518,80.974
0.394909,0.0219001,81.024
0.394902,0.0219711,81.074
0.394911,0.0220691,81.124
0.394897,0.0220444,81.174
0.394851,0.021909,81.224
0.394831,0.0220176,81.274
0.394829,0.0219636,81.324
0.39484,0.021925,81.374
0.394849,0.0219983,81.424
0.39482,0.0219444,81.474
0.394806,0.0219515,81.524
0.394782,0.0219445,81.574
0.394771,0.0219304,81.624
0.394753,0.0219528,81.674
0.394726,0.0219927,81.724
0.394713,0.0219098,81.774
0.394722,0.021957,81.824
0.394699,0.0219184,81.874
0.394661,0.0218727,81.924
0.394651,0.0219267,81.974
0.394669,0.0219961,82.024
0.394646,0.0219226,82.074
0.394626,0.0219082,82.124
0.394601,0.0218318,82.174
0.394607,0.0219342,82.224
0.394578,0.021898,82.274
0.39456,0.0218568,82.324
0.394522,0.0218096,82.374
0.394492,0.0218242,82.424
0.394496,0.0218434,82.474
0.394498,0.0219551,82.524
0.394455,0.0218402,82.574
0.394425,0.021759,82.624
0.394426,0.0218022,82.674
0.394422,0.0218384,82.724
0.394399,0.0218039,82.774
0.394398,0.0218227,82.823
0.39439,0.0218942,82.873
0.394357,0.0217862,82.923
0.394352,0.0217725,82.973
0.394357,0.0218351,83.023
0.394349,0.0218802,83.073
0.394311,0.0217996,83.123
0.394331,0.0218353,83.173
0.394317,0.0217987,83.223
0.394271,0.0217959,83.273
0.394245,0.0216734,83.323
0.394263,0.0217602,83.373
0.394253,0.0218034,83.423
0.394238,0.0217828,83.473
0.394242,0.0217516,83.523
0.394232,0.0217685,83.573
0.394196,0.0218011,83.623
0.394188,0.0217412,83.673
0.394173,0.0216884,83.723
0.394173,0.0218318,83.773
0.394147,0.0217991,83.823
0.394145,0.0217304,83.873
0.394129,0.0217417,83.923
0.394112,0.0217996,83.973
0.394099,0.0217247,84.023
0.394092,0.0217564,84.073
0.394059,0.0216827,84.123
0.394049,0.0217525,84.173
0.394046,0.0217977,84.223
0.394031,0.0216276,84.273
0.394039,0.0217017,84.323
0.394019,0.0217586,84.373
0.393994,0.0217386,84.423
0.393949,0.0216386,84.473
0.393982,0.0217712,84.523
0.393983,0.0217739,84.573
0.393936,0.0217001,84.623
0.393918,0.0217038,84.673
0.393879,0.0216908,84.723
0.39383,0.0216465,84.773
0.393862,0.0217768,84.823
0.393853,0.0217136,84.873
0.393862,0.0217226,84.923
0.393842,0.0216509,84.973
0.393813,0.0217243,85.023
0.393794,0.0217358,85.073
0.39379,0.0217304,85.123
0.393782,0.0216955,85.173
0.393763,0.021644,85.223
0.393736,0.0216357,85.273
0.393752,0.0217294,85.323
0.393748,0.0217422,85.373
